INSERT INTO instructor(id, name) VALUES (1, 'Aaron Carla'),
                                        (2, 'Billy Abbie'),
                                        (3, 'Birgit Carley'),
                                        (4, 'Birdie Carleen'),
                                        (5, 'Debbie Erna'),
                                        (6, 'Ermelinda Debora'),
                                        (7, 'Karolyn Lucas'),
                                        (8, 'Abdul Phoebe'),
                                        (9, 'Farrah Karoline'),
                                        (10, 'Luanne Philomena'),
                                        (11, 'Karol Luba');

INSERT INTO course(
   id, course_level, price_type, description, last_updated, name, no_students, price, instructor_id
) VALUES
(1, 0, 1, 'Build enterprise level React applications and deploy to production', CURRENT_DATE, 'Complete React Developer', 1000, 250, 1),
(2, 1, 1, 'Learn how to build client-side and fullstack ReactJS apps with NextJS', CURRENT_DATE, 'Next.js & React - The Complete Guide', 500, 300, 1),
(3, 2, 1, 'Learn how to use ReactJS to build real native mobile apps for iOS and Android', CURRENT_DATE, 'React Native - The Practical Guide', 270, 400, 1),
(4, 0, 0, 'Build a real e-commerce app with Angular, Firebase and Bootstrap 4', CURRENT_DATE, 'The Complete Angular Course', 120, 0, 2),
(5, 1, 1, 'A practical example of how to build an application with ASP.NET Core API and Angular from start to finish', CURRENT_DATE, 'Build an app with ASPNET Core and Angular from scratch', 70, 700, 2),
(6, 0, 1, 'Become a professional Python Developer and get hired', CURRENT_DATE, 'Complete Python Developer in 2023', 3000, 120, 3),
(7, 0, 0, 'A Unique Interactive Python Experience', CURRENT_DATE, 'The Modern Python 3 Bootcamp', 3200, 0, 3),
(8, 2, 1, 'Get a kick start on your career and ace your coding interviews!', CURRENT_DATE, 'Python for Data Structures, Algorithms, and Interviews!', 2300, 520, 3),
(9, 1, 1, 'Harness The Power Of Machine Learning For Unsupervised & Supervised Learning In Python', CURRENT_DATE, 'Clustering & Classification With Machine Learning In Python', 2300, 520, 4),
(10, 0, 1, 'Become an Experienced Java Developer with Just One Course', CURRENT_DATE, 'The Complete Java Development Bootcamp', 700, 130, 5);

INSERT INTO lesson(id, is_done, lesson_type, name) VALUES
(1, 0, 0, 'Introduction to React'),
(2, 0, 0, 'Components and JSX'),
(3, 0, 0, 'Props and state'),
(4, 0, 0, 'Events and forms'),
(5, 0, 0, 'Lifecycle methods'),
(6, 0, 0, 'Routing'),
(7, 0, 0, 'Async requests'),
(8, 0, 0, 'Testing'),
(9, 0, 0, 'Deployment'),
(10, 0, 0, 'Performance optimization'),
(11, 0, 0, 'Introduction to Python'),
(12, 0, 0, 'Data Types and Variables'),
(13, 0, 0, 'Control Structures'),
(14, 0, 0, 'Functions and Modules'),
(15, 0, 0, 'Object-Oriented Programming'),
(16, 0, 0, 'File Input and Output'),
(17, 0, 0, 'Exception Handling'),
(18, 0, 0, 'Regular Expressions'),
(19, 0, 0, 'Working with Databases'),
(20, 0, 0, 'Advanced Topics in Python'),
(21, 0, 0, 'Introduction to Angular'),
(22, 0, 0, 'Setting up an Angular Project'),
(23, 0, 0, 'Components and Templates'),
(24, 0, 0, 'Data Binding and Directives'),
(25, 0, 0, 'Services and Dependency Injection'),
(26, 0, 0, 'Routing and Navigation'),
(27, 0, 0, 'Forms and Validation'),
(28, 0, 0, 'HttpClient and Observables'),
(29, 0, 0, 'Pipes and Custom Directives'),
(30, 0, 0, 'Unit Testing and Deployment'),
(31, 0, 0, 'Introduction to Next.js'),
(32, 0, 0, 'Setting up a Next.js Project'),
(33, 0, 0, 'Routing and Linking in Next.js'),
(34, 0, 0, 'Server-Side Rendering and Data Fetching'),
(35, 0, 0, 'Styling Components in Next.js'),
(36, 0, 0, 'Creating Dynamic Pages in Next.js'),
(37, 0, 0, 'Using the Next.js API Routes'),
(38, 0, 0, 'Integrating with External APIs'),
(39, 0, 0, 'Building and Deploying a Next.js App'),
(40, 0, 0, 'Advanced Features in Next.js'),
(41, 0, 0, 'Next.js and Serverless Functions'),
(42, 0, 0, 'Next.js and Server-Side Data Persistence'),
(43, 0, 0, 'Next.js and Authentication'),
(44, 0, 0, 'Next.js and TypeScript'),
(45, 0, 0, 'Next.js and Testing'),
(46, 0, 0, 'Introduction to React Native'),
(47, 0, 0, 'Setting up a React Native Project'),
(48, 0, 0, 'Components and Props in React Native'),
(49, 0, 0, 'State and Lifecycle in React Native'),
(50, 0, 0, 'Handling User Input in React Native'),
(51, 0, 0, 'Styling Components in React Native'),
(52, 0, 0, 'Layout and Flexbox in React Native'),
(53, 0, 0, 'Navigation in React Native'),
(54, 0, 0, 'Networking and APIs in React Native'),
(55, 0, 0, 'Persisting Data in React Native'),
(56, 0, 0, 'Animations in React Native'),
(57, 0, 0, 'Debugging and Testing in React Native'),
(58, 0, 0, 'Deploying a React Native App'),
(59, 0, 0, 'Advanced Features in React Native'),
(60, 0, 0, 'React Native and Redux'),
(61, 0, 0, 'React Native and TypeScript'),
(62, 0, 0, 'React Native and GraphQL'),
(63, 0, 0, 'React Native and React Navigation'),
(64, 0, 0, 'React Native and React Native Web'),
(65, 0, 0, 'Introduction to ASP.NET with Angular'),
(66, 0, 0, 'Setting up an ASP.NET with Angular Project'),
(67, 0, 0, 'Components and Templates in ASP.NET with Angular'),
(68, 0, 0, 'Data Binding and Directives in ASP.NET with Angular'),
(69, 0, 0, 'Services and Dependency Injection in ASP.NET with Angular'),
(70, 0, 0, 'Routing and Navigation in ASP.NET with Angular'),
(71, 0, 0, 'Forms and Validation in ASP.NET with Angular'),
(72, 0, 0, 'HttpClient and Observables in ASP.NET with Angular'),
(73, 0, 0, 'Pipes and Custom Directives in ASP.NET with Angular'),
(74, 0, 0, 'Unit Testing and Deployment in ASP.NET with Angular'),
(75, 0, 0, 'ASP.NET with Angular and Entity Framework'),
(76, 0, 0, 'ASP.NET with Angular and Authentication'),
(77, 0, 0, 'ASP.NET with Angular and Deployment to Azure'),
(78, 0, 0, 'ASP.NET with Angular and Serverless Functions'),
(79, 0, 0, 'ASP.NET with Angular and SignalR'),
(80, 0, 0, 'ASP.NET with Angular and TypeScript'),
(81, 0, 0, 'ASP.NET with Angular and GraphQL'),
(82, 0, 0, 'ASP.NET with Angular and PWA'),
(83, 0, 0, 'Advanced Topics in ASP.NET with Angular'),
(84, 0, 0, 'Introduction to Advanced Python'),
(85, 0, 0, 'Decorators and Closures'),
(86, 0, 0, 'Iterators and Generators'),
(87, 0, 0, 'Advanced Data Types and Collections'),
(88, 0, 0, 'Advanced Object-Oriented Programming'),
(89, 0, 0, 'Asynchronous Programming and Concurrency'),
(90, 0, 0, 'Exception Handling and Debugging'),
(91, 0, 0, 'Metaprogramming and Dynamic Programming'),
(92, 0, 0, 'Standard Library and Third-Party Modules'),
(93, 0, 0, 'Functional Programming'),
(94, 0, 0, 'Testing and Quality Assurance'),
(95, 0, 0, 'Performance Tuning and Optimization'),
(96, 0, 0, 'Advanced Data Persistence'),
(97, 0, 0, 'Advanced Networking'),
(98, 0, 0, 'Advanced Web Development'),
(99, 0, 0, 'Advanced Scientific Computing'),
(100, 0, 0, 'Advanced Machine Learning'),
(101, 0, 0, 'Advanced Data Analysis'),
(102, 0, 0, 'Advanced Artificial Intelligence'),
(103, 0, 0, 'Introduction to Data Structures with Python'),
(104, 0, 0, 'Arrays and Lists'),
(105, 0, 0, 'Stacks and Queues'),
(106, 0, 0, 'Trees and Graphs'),
(107, 0, 0, 'Sorting and Searching'),
(108, 0, 0, 'Hashing and Hash Tables'),
(109, 0, 0, 'Heaps and Priority Queues'),
(110, 0, 0, 'Set and Map Abstract Data Types'),
(111, 0, 0, 'Disjoint Sets and Union-Find'),
(112, 0, 0, 'Dynamic Programming and Memoization'),
(113, 0, 0, 'Recursion and Backtracking'),
(114, 0, 0, 'Applying Data Structures to Real-World Problems'),
(115, 0, 0, 'Advanced Data Structures in Python'),
(116, 0, 0, 'Data Structures and Algorithms in Python'),
(117, 0, 0, 'Introduction to Machine Learning with Python'),
(118, 0, 0, 'Linear Regression and Logistic Regression'),
(119, 0, 0, 'Decision Trees and Random Forests'),
(120, 0, 0, 'Support Vector Machines and Kernels'),
(121, 0, 0, 'Neural Networks and Deep Learning'),
(122, 0, 0, 'Clustering and Unsupervised Learning'),
(123, 0, 0, 'Dimensionality Reduction and Feature Selection'),
(124, 0, 0, 'Ensemble Learning and Boosting'),
(125, 0, 0, 'Model Evaluation and Hyperparameter Tuning'),
(126, 0, 0, 'Transfer Learning and Fine-Tuning'),
(127, 0, 0, 'Natural Language Processing and Text Classification'),
(128, 0, 0, 'Introduction to Java'),
(129, 0, 0, 'Data Types and Variables'),
(130, 0, 0, 'Operators and Expressions'),
(131, 0, 0, 'Control Flow and Conditional Statements'),
(132, 0, 0, 'Loops and Iteration'),
(133, 0, 0, 'Arrays and Collections'),
(134, 0, 0, 'Methods and Parameters'),
(135, 0, 0, 'Object-Oriented Programming'),
(136, 0, 0, 'Inheritance and Polymorphism'),
(137, 0, 0, 'Exceptions and Error Handling');

INSERT INTO section(id, name) VALUES
(1, 'Introduction to React'),
(2, 'Basics of React'),
(3, 'Practical React'),
(4, 'Advanced React'),
(5, 'Introduction to Python'),
(6, 'Basics of Python'),
(7, 'Object-Oriented Programming in Python'),
(8, 'Advanced Python'),
(9, 'Angular 101'),
(10, 'Advanced Angular Features'),
(11, 'Reactive Programming with Angular'),
(12, 'Getting started with Next.js'),
(13, 'Practical Next.js'),
(14, 'Advanced Next.js Features'),
(15, 'Next.js for seniors'),
(16, 'Up & running with React Native'),
(17, 'Diving into React Native'),
(18, 'Real world scenarios with React Native'),
(19, 'React Native++'),
(20, 'Introduction to Angular'),
(21, 'Introduction to ASP.NET'),
(22, 'Integrate ASP.NET with Angular'),
(23, 'Project using ASP.NET with Angular'),
(24, 'Advanced Python concepts'),
(25, 'Python caveats'),
(26, 'Really in depth python'),
(27, 'Data Structures with Python'),
(28, 'Data Structures 101'),
(29, 'Implementing Data Structures with Python'),
(30, 'Machine Learning for beginners'),
(31, 'Understanding Machine Learning concepts'),
(32, 'Machine Learning practice'),
(33, 'Introduction to Java'),
(34, 'OOP with Java'),
(35, 'Advanced concepts with Java');

INSERT INTO section_lessons(section_id, lessons_id) VALUES
                                                        (1, 1),
                                                        (2, 2),
                                                        (2, 3),
                                                        (3, 4),
                                                        (3, 5),
                                                        (3, 6),
                                                        (4, 7),
                                                        (4, 8),
                                                        (4, 9),
                                                        (4, 10),
                                                        (5, 11),
                                                        (6, 12),
                                                        (6, 13),
                                                        (6, 14),
                                                        (7, 15),
                                                        (8, 16),
                                                        (8, 17),
                                                        (8, 18),
                                                        (8, 19),
                                                        (8, 20),
                                                        (9, 21),
                                                        (9, 22),
                                                        (9, 23),
                                                        (9, 24),
                                                        (10, 25),
                                                        (10, 26),
                                                        (10, 27),
                                                        (11, 28),
                                                        (11, 29),
                                                        (11, 30),
                                                        (12, 31),
                                                        (12, 32),
                                                        (12, 33),
                                                        (13, 34),
                                                        (13, 35),
                                                        (13, 36),
                                                        (14, 37),
                                                        (14, 38),
                                                        (14, 39),
                                                        (14, 40),
                                                        (15, 41),
                                                        (15, 42),
                                                        (15, 43),
                                                        (15, 44),
                                                        (15, 45),
                                                        (16, 46),
                                                        (16, 47),
                                                        (16, 48),
                                                        (16, 49),
                                                        (16, 50),
                                                        (16, 51),
                                                        (16, 52),
                                                        (17, 53),
                                                        (17, 54),
                                                        (17, 55),
                                                        (17, 56),
                                                        (18, 57),
                                                        (18, 58),
                                                        (18, 59),
                                                        (19, 60),
                                                        (19, 61),
                                                        (19, 62),
                                                        (19, 63),
                                                        (19, 64),
                                                        (20, 65),
                                                        (20, 66),
                                                        (20, 67),
                                                        (20, 68),
                                                        (20, 69),
                                                        (20, 70),
                                                        (20, 71),
                                                        (20, 72),
                                                        (20, 73),
                                                        (20, 74),
                                                        (21, 75),
                                                        (21, 76),
                                                        (22, 77),
                                                        (22, 78),
                                                        (22, 79),
                                                        (23, 80),
                                                        (23, 81),
                                                        (23, 82),
                                                        (23, 83),
                                                        (24, 84),
                                                        (24, 85),
                                                        (24, 86),
                                                        (25, 87),
                                                        (25, 88),
                                                        (25, 89),
                                                        (25, 90),
                                                        (26, 91),
                                                        (26, 92),
                                                        (26, 93),
                                                        (26, 94),
                                                        (26, 95),
                                                        (26, 96),
                                                        (26, 97),
                                                        (26, 98),
                                                        (26, 99),
                                                        (26, 100),
                                                        (26, 101),
                                                        (26, 102),
                                                        (27, 103),
                                                        (28, 104),
                                                        (28, 105),
                                                        (28, 106),
                                                        (28, 107),
                                                        (28, 108),
                                                        (28, 109),
                                                        (28, 110),
                                                        (28, 111),
                                                        (28, 112),
                                                        (28, 113),
                                                        (29, 114),
                                                        (29, 115),
                                                        (29, 116),
                                                        (30, 117),
                                                        (30, 118),
                                                        (30, 119),
                                                        (30, 120),
                                                        (31, 121),
                                                        (31, 122),
                                                        (31, 123),
                                                        (32, 124),
                                                        (32, 125),
                                                        (32, 126),
                                                        (32, 127),
                                                        (33, 128),
                                                        (33, 129),
                                                        (33, 130),
                                                        (33, 131),
                                                        (33, 132),
                                                        (33, 133),
                                                        (33, 134),
                                                        (34, 135),
                                                        (34, 136),
                                                        (35, 137);

INSERT INTO course_sections(course_id, sections_id) VALUES
                                                        (1, 1),
                                                        (1, 2),
                                                        (1, 3),
                                                        (1, 4),
                                                        (2, 12),
                                                        (2, 13),
                                                        (2, 14),
                                                        (2, 15),
                                                        (3, 16),
                                                        (3, 17),
                                                        (3, 18),
                                                        (3, 19),
                                                        (4, 9),
                                                        (4, 10),
                                                        (4, 11),
                                                        (5, 20),
                                                        (5, 21),
                                                        (5, 22),
                                                        (5, 23),
                                                        (6, 5),
                                                        (6, 6),
                                                        (6, 7),
                                                        (6, 8),
                                                        (7, 24),
                                                        (7, 25),
                                                        (7, 26),
                                                        (8, 27),
                                                        (8, 28),
                                                        (8, 29),
                                                        (9, 30),
                                                        (9, 31),
                                                        (9, 32),
                                                        (10, 33),
                                                        (10, 34),
                                                        (10, 35);